{"cameraMode":{"drawMode":0,"name":"Shaded","section":"Shading Mode"},"sceneLighting":true,"audioPlay":false,"sceneViewState":{"showFog":true,"showMaterialUpdate":false,"showSkybox":true,"showFlares":true,"showImageEffects":true,"showParticleSystems":true},"in2DMode":false,"pivot":{"x":0.016765594482421876,"y":-0.12109375,"z":1.20928955078125},"rotation":{"x":0.005101708695292473,"y":-0.01349942572414875,"z":-0.00006892987585160881,"w":-0.9998958706855774},"size":17.701871871948243,"orthographic":true}